City_ID,City,Country,Date,Lat,Lng,Max Temp,Humidity,Cloudiness,Wind Speed,Current Description,Rain (in),Snow (in)
0,Bluff,NZ,2020-06-16 13:26:24,-46.6,168.33,54.39,75,63,15.05,broken clouds,0.0,0
1,Dovers,VC,2020-06-16 13:34:59,12.88,-61.18,84.2,70,75,11.41,broken clouds,0.0,0
2,Copiapo,CL,2020-06-16 13:34:59,-27.37,-70.33,55.4,76,90,6.93,overcast clouds,0.0,0
3,Malanje,AO,2020-06-16 13:26:41,-9.54,16.34,78.8,54,40,12.75,scattered clouds,0.0,0
4,Airai,TL,2020-06-16 13:26:29,-8.93,125.41,57.97,100,27,4.47,scattered clouds,0.0,0
5,Barrow,US,2020-06-16 13:35:00,71.29,-156.79,35.6,80,1,13.87,clear sky,0.0,0
6,Hailin,CN,2020-06-16 13:35:00,44.58,129.42,61.43,70,1,5.06,clear sky,0.0,0
7,Xichang,CN,2020-06-16 13:35:00,27.9,102.26,72.68,73,100,4.14,light rain,0.32,0
8,Cape Town,ZA,2020-06-16 13:34:54,-33.93,18.42,71.6,33,0,5.82,clear sky,0.0,0
9,Carnarvon,AU,2020-06-16 13:35:01,-24.87,113.63,64.4,34,0,10.29,clear sky,0.0,0
10,Tura,IN,2020-06-16 13:35:01,25.52,90.22,76.84,95,100,5.91,light rain,0.46,0
11,Rikitea,PF,2020-06-16 13:35:01,-23.12,-134.97,74.98,81,4,10.83,clear sky,0.0,0
12,Kalaiya,NP,2020-06-16 13:35:01,27.03,85.0,83.86,66,95,6.62,light rain,0.17,0
13,Cururupu,BR,2020-06-16 13:35:01,-1.83,-44.87,82.99,77,11,6.49,light rain,0.59,0
14,Atuona,PF,2020-06-16 13:35:01,-9.8,-139.03,80.17,75,1,12.59,light rain,0.15,0
15,Ancud,CL,2020-06-16 13:35:02,-41.87,-73.82,50.0,100,90,8.05,overcast clouds,0.0,0
16,Grindavik,IS,2020-06-16 13:35:02,63.84,-22.43,48.2,76,75,17.22,broken clouds,0.0,0
17,Hobart,AU,2020-06-16 13:30:23,-42.88,147.33,42.8,70,75,19.46,light intensity shower rain,1.52,0
18,Armidale,AU,2020-06-16 13:35:02,-30.52,151.65,37.53,91,0,0.98,clear sky,0.0,0
19,Port Alfred,ZA,2020-06-16 13:35:02,-33.59,26.89,64.0,80,40,4.0,scattered clouds,0.0,0
20,Punta Arenas,CL,2020-06-16 13:35:02,-53.15,-70.92,33.8,86,20,9.17,few clouds,0.0,0
21,Makakilo City,US,2020-06-16 13:27:05,21.35,-158.09,75.2,83,40,4.7,scattered clouds,0.0,0
22,Faanui,PF,2020-06-16 13:26:12,-16.48,-151.75,79.54,82,34,11.77,light rain,0.67,0
23,Sao Filipe,CV,2020-06-16 13:26:17,14.9,-24.5,78.15,78,1,6.67,clear sky,0.0,0
24,Paamiut,GL,2020-06-16 13:27:27,61.99,-49.67,36.99,80,87,6.91,overcast clouds,0.0,0
25,Busselton,AU,2020-06-16 13:26:06,-33.65,115.33,59.0,64,92,15.32,overcast clouds,0.0,0
26,Kudahuvadhoo,MV,2020-06-16 13:27:05,2.67,72.89,84.79,76,1,9.22,clear sky,0.0,0
27,Nuuk,GL,2020-06-16 13:31:09,64.18,-51.72,33.8,100,90,12.75,light rain,0.0,0
28,Cidreira,BR,2020-06-16 13:23:23,-30.18,-50.21,63.09,82,3,11.63,clear sky,0.0,0
29,Nabire,ID,2020-06-16 13:35:03,-3.37,135.48,75.38,86,23,4.5,few clouds,0.0,0
30,Mataura,NZ,2020-06-16 13:26:12,-46.19,168.86,46.06,85,24,4.41,few clouds,0.0,0
31,Cabo San Lucas,MX,2020-06-16 13:25:07,22.89,-109.91,84.2,8,5,12.75,clear sky,0.0,0
32,Albany,US,2020-06-16 13:35:04,42.6,-73.97,66.0,51,0,4.27,clear sky,0.0,0
33,Saskylakh,RU,2020-06-16 13:26:09,71.92,114.08,51.21,51,0,7.96,clear sky,0.0,0
34,Ushuaia,AR,2020-06-16 13:34:25,-54.8,-68.3,37.4,85,40,8.05,scattered clouds,0.0,0
35,New Norfolk,AU,2020-06-16 13:26:16,-42.78,147.06,39.99,84,30,1.99,moderate rain,1.52,0
36,Dickinson,US,2020-06-16 13:32:25,29.46,-95.05,82.99,78,20,4.27,light rain,0.25,0
37,Bredasdorp,ZA,2020-06-16 13:26:21,-34.53,20.04,68.0,52,0,5.5,clear sky,0.0,0
38,Souillac,MU,2020-06-16 13:26:59,-20.52,57.52,73.4,69,40,9.17,scattered clouds,0.0,0
39,Kavaratti,IN,2020-06-16 13:26:49,10.57,72.64,84.97,79,100,19.73,overcast clouds,0.0,0
40,Mar Del Plata,AR,2020-06-16 13:26:06,-38.0,-57.56,57.99,93,90,6.93,overcast clouds,0.0,0
41,Batagay-Alyta,RU,2020-06-16 13:35:05,67.8,130.41,59.4,59,97,8.12,overcast clouds,0.0,0
42,Los Llanos De Aridane,ES,2020-06-16 13:26:26,28.66,-17.92,78.8,74,34,2.24,scattered clouds,0.0,0
43,Talnakh,RU,2020-06-16 13:26:11,69.49,88.4,44.6,81,75,13.42,broken clouds,0.0,0
44,Norman Wells,CA,2020-06-16 13:26:25,65.28,-126.83,53.6,76,75,13.87,broken clouds,0.0,0
45,Tasiilaq,GL,2020-06-16 13:26:10,65.61,-37.64,39.2,80,75,17.22,light rain,0.0,0
46,Avarua,CK,2020-06-16 13:26:29,-21.21,-159.78,71.6,64,8,5.82,clear sky,0.0,0
47,Nikolskoye,RU,2020-06-16 13:26:03,59.7,30.79,79.0,50,75,8.95,thunderstorm,0.0,0
48,Iracoubo,GF,2020-06-16 13:26:52,5.48,-53.2,80.49,86,3,4.34,light rain,0.97,0
49,Kapaa,US,2020-06-16 13:26:11,22.08,-159.32,77.0,78,90,14.99,light rain,0.0,0
50,Touros,BR,2020-06-16 13:35:06,-5.2,-35.46,75.2,94,75,8.05,broken clouds,0.0,0
51,Mehamn,NO,2020-06-16 13:26:41,71.04,27.85,46.4,68,75,20.8,broken clouds,0.0,0
52,Te Anau,NZ,2020-06-16 13:35:06,-45.42,167.72,51.57,83,59,6.11,broken clouds,0.0,0
53,Vardo,NO,2020-06-16 13:35:07,70.37,31.11,50.0,57,40,16.11,scattered clouds,0.0,0
54,Pisco,PE,2020-06-16 13:26:25,-13.7,-76.22,64.4,82,90,2.24,mist,0.0,0
55,Yar-Sale,RU,2020-06-16 13:35:07,66.83,70.83,50.09,48,100,11.59,overcast clouds,0.0,0
56,Ostrovnoy,RU,2020-06-16 13:27:06,68.05,39.51,43.68,64,100,20.8,overcast clouds,0.0,0
57,Arraial Do Cabo,BR,2020-06-16 13:26:12,-22.97,-42.03,73.4,64,75,10.29,broken clouds,0.0,0
58,Vaini,TO,2020-06-16 13:26:05,-21.2,-175.2,71.6,68,40,9.17,scattered clouds,0.0,0
59,Ampanihy,MG,2020-06-16 13:35:07,-24.7,44.75,69.35,66,7,16.96,clear sky,0.0,0
60,Hermanus,ZA,2020-06-16 13:26:11,-34.42,19.23,65.73,55,0,3.91,clear sky,0.0,0
61,Alice Springs,AU,2020-06-16 13:22:51,-23.7,133.88,52.0,41,0,5.82,clear sky,0.0,0
62,Lebu,CL,2020-06-16 13:27:07,-37.62,-73.65,52.68,87,100,14.03,light rain,0.16,0
63,Basse-Pointe,MQ,2020-06-16 13:35:08,14.87,-61.12,86.0,66,75,19.46,broken clouds,0.0,0
64,Port Elizabeth,ZA,2020-06-16 13:26:32,-33.92,25.57,64.4,68,20,11.41,few clouds,0.0,0
65,Arman,RU,2020-06-16 13:35:08,59.7,150.17,50.2,62,49,1.03,scattered clouds,0.0,0
66,Pasighat,IN,2020-06-16 13:35:08,28.07,95.33,79.03,84,99,1.16,light rain,0.16,0
67,Lazaro Cardenas,MX,2020-06-16 13:35:08,17.96,-102.2,81.41,72,31,3.13,scattered clouds,0.0,0
68,Yellowknife,CA,2020-06-16 13:23:55,62.46,-114.35,48.2,76,75,14.99,broken clouds,0.0,0
69,Aswan,EG,2020-06-16 13:35:09,24.09,32.91,105.21,7,0,6.17,clear sky,0.0,0
70,Kilindoni,TZ,2020-06-16 13:35:09,-7.91,39.67,78.48,65,62,14.2,broken clouds,0.0,0
71,Alofi,NU,2020-06-16 13:26:50,-19.06,-169.92,71.6,64,0,13.87,clear sky,0.0,0
72,Esperance,AU,2020-06-16 13:26:43,-33.87,121.9,55.4,66,63,10.29,broken clouds,0.0,0
73,Namibe,AO,2020-06-16 13:27:01,-15.2,12.15,87.8,38,0,13.87,clear sky,0.0,0
74,Onega,RU,2020-06-16 13:35:09,63.91,38.14,57.09,55,11,11.52,few clouds,0.0,0
75,Dikson,RU,2020-06-16 13:26:07,73.51,80.55,32.9,94,75,14.85,broken clouds,0.0,0
76,Jamestown,US,2020-06-16 13:22:36,42.1,-79.24,61.0,59,1,4.7,clear sky,0.0,0
77,Kruisfontein,ZA,2020-06-16 13:26:45,-34.0,24.73,63.27,58,0,7.47,clear sky,0.0,0
78,Nouadhibou,MR,2020-06-16 13:35:10,20.93,-17.03,100.4,24,0,13.87,clear sky,0.0,0
79,Hilo,US,2020-06-16 13:26:10,19.73,-155.09,73.4,83,90,5.82,overcast clouds,0.0,0
80,Qaanaaq,GL,2020-06-16 13:26:09,77.48,-69.36,38.86,74,0,3.65,clear sky,0.0,0
81,Murgab,TM,2020-06-16 13:35:10,37.5,61.97,105.8,11,14,11.41,few clouds,0.0,0
82,Saint George,US,2020-06-16 13:26:25,37.1,-113.58,71.6,19,1,12.75,clear sky,0.0,0
83,Auki,SB,2020-06-16 13:27:26,-8.77,160.7,78.75,86,100,3.06,overcast clouds,0.0,0
84,Mahebourg,MU,2020-06-16 13:26:03,-20.41,57.7,73.4,69,40,9.17,scattered clouds,0.0,0
85,Rio Bueno,CL,2020-06-16 13:35:11,-40.32,-72.97,46.4,93,100,3.36,overcast clouds,0.0,0
86,Parana,AR,2020-06-16 13:26:52,-31.73,-60.52,69.01,84,34,1.99,scattered clouds,0.0,0
87,Colac,AU,2020-06-16 13:35:11,-38.33,143.58,45.0,98,38,3.53,scattered clouds,0.0,0
88,Semey,KZ,2020-06-16 13:35:11,50.41,80.23,75.2,29,40,11.18,scattered clouds,0.0,0
89,Chokurdakh,RU,2020-06-16 13:26:30,70.63,147.92,72.97,41,73,4.68,broken clouds,0.0,0
90,Beachwood,US,2020-06-16 13:35:12,41.46,-81.51,72.0,56,5,2.26,clear sky,0.0,0
91,Saint-Philippe,RE,2020-06-16 13:26:21,-21.36,55.77,71.6,60,69,18.34,broken clouds,0.0,0
92,Katsuura,JP,2020-06-16 13:26:39,35.13,140.3,75.0,80,0,16.08,clear sky,0.0,0
93,Tiksi,RU,2020-06-16 13:26:23,71.69,128.87,55.53,49,1,11.05,clear sky,0.0,0
94,Haines Junction,CA,2020-06-16 13:26:31,60.75,-137.51,48.61,74,100,4.88,overcast clouds,0.0,0
95,Kununurra,AU,2020-06-16 13:26:15,-15.77,128.73,77.0,25,0,6.93,clear sky,0.0,0
96,Pevek,RU,2020-06-16 13:26:46,69.7,170.31,43.38,68,0,3.06,clear sky,0.0,0
97,Karczew,PL,2020-06-16 13:35:13,52.08,21.25,78.01,47,64,4.7,broken clouds,0.0,0
98,Iqaluit,CA,2020-06-16 13:22:07,63.75,-68.51,35.6,74,90,9.17,overcast clouds,0.0,0
99,Jizan,SA,2020-06-16 13:35:13,17.33,42.67,100.4,39,8,12.75,clear sky,0.0,0
100,Burgeo,CA,2020-06-16 13:35:13,47.62,-57.62,56.59,59,29,12.24,scattered clouds,0.0,0
101,Santa Rosa,PH,2020-06-16 13:35:13,14.31,121.11,87.01,70,40,5.82,scattered clouds,0.0,0
102,The Valley,AI,2020-06-16 13:27:07,18.22,-63.06,86.0,69,75,16.11,broken clouds,0.0,0
103,Sioux Lookout,CA,2020-06-16 13:23:09,50.1,-91.92,68.0,72,75,6.93,broken clouds,0.0,0
104,Camocim,BR,2020-06-16 13:35:13,-2.9,-40.84,84.58,67,13,11.1,few clouds,0.0,0
105,Daloa,CI,2020-06-16 13:35:13,6.88,-6.45,88.36,56,74,3.67,broken clouds,0.0,0
106,Naryan-Mar,RU,2020-06-16 13:35:14,67.67,53.09,45.05,57,100,19.95,overcast clouds,0.0,0
107,Tete,MZ,2020-06-16 13:35:14,-16.16,33.59,77.0,47,75,6.93,broken clouds,0.0,0
108,Decatur,US,2020-06-16 13:31:41,39.84,-88.95,73.0,64,1,8.05,clear sky,0.0,0
109,Nanortalik,GL,2020-06-16 13:35:14,60.14,-45.24,39.78,93,100,4.99,overcast clouds,0.0,0
110,Inirida,CO,2020-06-16 13:35:14,3.87,-67.92,80.1,90,37,1.52,moderate rain,1.83,0
111,Healesville,AU,2020-06-16 13:35:14,-37.65,145.52,52.0,89,76,1.77,light rain,0.2,0
112,Fortuna,US,2020-06-16 13:26:40,40.6,-124.16,51.01,100,90,3.29,overcast clouds,0.0,0
113,Hasaki,JP,2020-06-16 13:27:03,35.73,140.83,72.0,83,75,19.46,broken clouds,0.0,0
114,Georgetown,MY,2020-06-16 13:30:50,5.41,100.34,84.2,79,20,2.24,light rain,0.0,0
115,East London,ZA,2020-06-16 13:21:49,-33.02,27.91,64.4,59,7,8.05,clear sky,0.0,0
116,Namie,JP,2020-06-16 13:35:15,37.48,141.0,66.0,83,63,3.24,broken clouds,0.0,0
117,Rawson,AR,2020-06-16 13:27:03,-43.3,-65.1,51.35,49,0,16.24,clear sky,0.0,0
118,Okha,RU,2020-06-16 13:35:15,53.57,142.95,37.89,92,100,3.51,overcast clouds,0.0,0
119,Laguna,US,2020-06-16 13:26:32,38.42,-121.42,57.0,81,1,5.82,clear sky,0.0,0
120,Cabedelo,BR,2020-06-16 13:35:15,-6.98,-34.83,73.4,100,75,4.7,light rain,0.0,0
121,Ilulissat,GL,2020-06-16 13:26:10,69.22,-51.1,42.8,38,20,4.7,few clouds,0.0,0
122,Baykit,RU,2020-06-16 13:35:16,61.67,96.37,50.02,67,68,2.28,broken clouds,0.0,0
123,Thompson,CA,2020-06-16 13:26:17,55.74,-97.86,60.8,67,20,11.41,few clouds,0.0,0
124,Zhangye,CN,2020-06-16 13:35:16,38.93,100.45,72.79,30,100,6.22,overcast clouds,0.0,0
125,Veraval,IN,2020-06-16 13:35:16,20.9,70.37,86.77,82,85,13.62,light rain,0.39,0
126,Gainesville,US,2020-06-16 13:31:07,29.65,-82.32,71.01,82,20,6.93,few clouds,0.0,0
127,Hecun,CN,2020-06-16 13:35:16,36.53,114.11,64.22,85,100,4.68,light rain,0.56,0
128,Victoria,HK,2020-06-16 13:23:57,22.29,114.16,82.0,74,0,5.99,clear sky,0.0,0
129,Flinders,AU,2020-06-16 13:26:20,-34.58,150.86,62.01,56,20,8.01,few clouds,0.0,0
130,Beringovskiy,RU,2020-06-16 13:27:13,63.05,179.32,43.7,81,1,1.43,clear sky,0.0,0
131,Namatanai,PG,2020-06-16 13:26:29,-3.67,152.43,80.2,80,100,4.72,light rain,0.64,0
132,Mandera,KE,2020-06-16 13:35:17,3.94,41.87,89.29,39,97,18.19,overcast clouds,0.0,0
133,Pacific Grove,US,2020-06-16 13:25:38,36.62,-121.92,57.99,82,75,6.93,broken clouds,0.0,0
134,Puerto Ayacucho,VE,2020-06-16 13:35:17,5.66,-67.62,78.8,88,75,4.61,broken clouds,0.0,0
135,Cherskiy,RU,2020-06-16 13:26:26,68.75,161.3,66.81,42,15,7.63,few clouds,0.0,0
136,Tumpat,MY,2020-06-16 13:35:18,6.2,102.17,78.8,94,40,4.52,light rain,0.0,0
137,Jasper,US,2020-06-16 13:34:28,37.2,-94.35,75.0,78,1,10.29,clear sky,0.0,0
138,Henderson,US,2020-06-16 13:34:01,36.04,-114.98,78.8,21,1,12.75,clear sky,0.0,0
139,Xuddur,SO,2020-06-16 13:26:19,4.12,43.89,83.7,48,100,20.18,overcast clouds,0.0,0
140,Barcelos,PT,2020-06-16 13:34:30,41.54,-8.62,71.01,68,40,11.41,scattered clouds,0.0,0
141,Lanigan,CA,2020-06-16 13:35:18,51.85,-105.03,56.66,62,100,4.25,overcast clouds,0.0,0
142,Puerto Baquerizo Moreno,EC,2020-06-16 13:26:35,-0.9,-89.6,70.02,88,89,13.78,overcast clouds,0.0,0
143,Deputatskiy,RU,2020-06-16 13:26:02,69.3,139.9,64.38,43,99,9.91,overcast clouds,0.0,0
144,Xinqing,CN,2020-06-16 13:35:19,48.23,129.5,53.92,96,100,4.47,overcast clouds,0.0,0
145,Hornepayne,CA,2020-06-16 13:35:19,49.21,-84.77,65.91,50,100,13.2,overcast clouds,0.0,0
146,Naisud,PH,2020-06-16 13:35:19,11.81,122.19,79.83,78,52,3.24,broken clouds,0.0,0
147,Koryukivka,UA,2020-06-16 13:35:19,51.77,32.25,77.58,68,0,12.84,clear sky,0.0,0
148,Guarda,PT,2020-06-16 13:35:19,40.54,-7.27,67.23,53,20,11.72,few clouds,0.0,0
149,Ca Mau,VN,2020-06-16 13:31:02,9.18,105.15,80.19,85,100,1.57,overcast clouds,0.0,0
150,College,US,2020-06-16 13:26:25,64.86,-147.8,55.4,87,75,1.16,broken clouds,0.0,0
151,Diplo,PK,2020-06-16 13:35:20,24.47,69.58,90.72,63,98,24.29,overcast clouds,0.0,0
152,Keti Bandar,PK,2020-06-16 13:26:49,24.14,67.45,87.82,78,69,16.73,broken clouds,0.0,0
153,Rovaniemi,FI,2020-06-16 13:35:20,66.5,25.72,59.0,38,24,3.36,few clouds,0.0,0
154,Saint-Raymond,CA,2020-06-16 13:35:20,45.47,-73.61,72.0,55,20,5.82,few clouds,0.0,0
155,Napoleon,US,2020-06-16 13:35:20,41.39,-84.13,70.0,100,1,5.82,clear sky,0.0,0
156,Kodiak,US,2020-06-16 13:26:15,57.79,-152.41,50.0,87,90,13.87,light rain,0.0,0
157,Zarya,RU,2020-06-16 13:35:21,55.76,38.1,82.4,42,24,6.71,few clouds,0.0,0
158,Mirassol,BR,2020-06-16 13:35:21,-20.82,-49.52,71.6,49,0,10.29,clear sky,0.0,0
159,Funadhoo,MV,2020-06-16 13:35:21,6.15,73.27,84.85,79,100,11.9,overcast clouds,0.0,0
160,Cockburn Town,TC,2020-06-16 13:35:21,21.46,-71.14,82.4,74,40,9.17,scattered clouds,0.0,0
161,Nakskov,DK,2020-06-16 13:35:21,54.84,11.13,73.99,47,8,3.0,clear sky,0.0,0
162,Puerto Ayora,EC,2020-06-16 13:26:09,-0.74,-90.35,72.0,92,98,10.6,overcast clouds,0.0,0
163,Venice,US,2020-06-16 13:35:21,27.1,-82.45,80.01,74,0,11.41,clear sky,0.0,0
164,Okhotsk,RU,2020-06-16 13:26:26,59.38,143.3,46.0,80,0,3.76,clear sky,0.0,0
165,Mabaruma,GY,2020-06-16 13:35:22,8.2,-59.78,79.54,91,99,5.39,moderate rain,2.52,0
166,Kerema,PG,2020-06-16 13:35:22,-7.96,145.78,77.92,90,100,8.61,light rain,0.46,0
167,Marawi,PH,2020-06-16 13:35:22,8.0,124.29,81.0,86,10,5.01,clear sky,0.0,0
168,Hovd,MN,2020-06-16 13:26:38,48.01,91.64,76.86,20,3,4.38,clear sky,0.0,0
169,Butaritari,KI,2020-06-16 13:26:17,3.07,172.79,83.21,79,24,12.84,light rain,0.25,0
170,Gayeri,BF,2020-06-16 13:35:23,12.65,0.49,105.46,21,16,4.29,few clouds,0.0,0
171,Coahuayana,MX,2020-06-16 13:35:23,18.73,-103.68,71.6,83,75,1.45,mist,0.0,0
172,Jackson,US,2020-06-16 13:31:00,42.42,-122.83,50.0,81,90,0.96,overcast clouds,0.0,0
173,Paita,PE,2020-06-16 13:35:23,-5.09,-81.11,68.0,82,75,20.8,light intensity drizzle,0.0,0
174,La Libertad,EC,2020-06-16 13:35:23,-2.23,-80.9,73.4,78,75,11.41,broken clouds,0.0,0
175,Dunedin,NZ,2020-06-16 13:26:45,-45.87,170.5,59.0,54,100,5.91,overcast clouds,0.0,0
176,Cocorit,MX,2020-06-16 13:35:24,27.58,-109.97,75.2,78,5,8.05,clear sky,0.0,0
177,Isabela,PH,2020-06-16 13:35:24,6.71,121.97,80.6,94,75,2.24,broken clouds,0.0,0
178,Panguna,PG,2020-06-16 13:35:24,-6.32,155.48,69.21,100,100,2.33,light rain,0.41,0
179,Chuy,UY,2020-06-16 13:26:14,-33.7,-53.46,60.85,89,25,9.46,scattered clouds,0.0,0
180,Lavrentiya,RU,2020-06-16 13:26:47,65.58,-171.0,47.05,67,0,1.63,clear sky,0.0,0
181,Vao,NC,2020-06-16 13:26:32,-22.67,167.48,73.27,81,0,17.83,light rain,0.26,0
182,Biak,ID,2020-06-16 13:35:25,-0.91,122.88,77.68,80,33,6.51,scattered clouds,0.0,0
183,Ouallam,NE,2020-06-16 13:35:25,14.32,2.09,109.31,16,65,6.53,broken clouds,0.0,0
184,Palmer,US,2020-06-16 13:35:25,42.16,-72.33,70.0,63,17,5.97,few clouds,0.0,0
185,Severo-Kurilsk,RU,2020-06-16 13:26:08,50.68,156.12,41.45,89,100,11.25,overcast clouds,0.0,0
186,Halifax,CA,2020-06-16 13:32:05,44.65,-63.57,70.0,65,0,1.99,clear sky,0.0,0
187,Hithadhoo,MV,2020-06-16 13:26:07,-0.6,73.08,84.99,76,0,10.56,clear sky,0.0,0
188,Mugumu,TZ,2020-06-16 13:35:25,-1.85,34.7,75.58,53,71,3.29,broken clouds,0.0,0
189,Solnechnyy,RU,2020-06-16 13:35:26,50.72,136.63,45.34,84,87,6.96,overcast clouds,0.0,0
190,Sorland,NO,2020-06-16 13:35:26,67.67,12.69,51.8,71,0,12.75,clear sky,0.0,0
191,Weihai,CN,2020-06-16 13:35:26,37.5,122.11,70.93,57,100,8.72,overcast clouds,0.0,0
192,Santa Isabel Do Rio Negro,BR,2020-06-16 13:35:26,-0.41,-65.02,80.89,87,23,2.44,light rain,0.77,0
193,Manokwari,ID,2020-06-16 13:35:26,-0.87,134.08,79.79,77,100,2.15,moderate rain,1.4,0
194,Lahore,PK,2020-06-16 13:32:00,31.55,74.34,105.8,28,20,5.82,few clouds,0.0,0
195,Torbay,CA,2020-06-16 13:26:23,47.67,-52.73,57.2,82,75,11.41,broken clouds,0.0,0
196,Xingcheng,CN,2020-06-16 13:35:27,40.62,120.72,68.86,61,0,10.92,clear sky,0.0,0
197,Pangnirtung,CA,2020-06-16 13:27:18,66.15,-65.71,33.8,100,90,10.29,light snow,0.0,0
198,Sur,OM,2020-06-16 13:27:25,22.57,59.53,99.68,39,68,1.25,broken clouds,0.0,0
199,Karratha,AU,2020-06-16 13:26:17,-20.74,116.85,72.43,50,0,2.51,clear sky,0.0,0
200,Kapit,MY,2020-06-16 13:35:27,2.02,112.93,76.28,93,97,1.59,overcast clouds,0.0,0
201,Banff,CA,2020-06-16 13:35:27,51.18,-115.57,46.0,63,99,1.99,overcast clouds,0.0,0
202,Sangar,RU,2020-06-16 13:35:28,63.92,127.47,59.67,72,19,6.08,few clouds,0.0,0
203,Adre,TD,2020-06-16 13:35:28,13.47,22.2,98.8,18,78,2.55,broken clouds,0.0,0
204,Baker City,US,2020-06-16 13:35:28,44.77,-117.83,46.4,81,90,9.17,light rain,0.0,0
205,Narsaq,GL,2020-06-16 13:26:13,60.92,-46.05,41.0,86,90,5.82,light intensity drizzle,0.0,0
206,Rongcheng,CN,2020-06-16 13:26:37,30.63,117.85,79.79,86,95,2.57,overcast clouds,0.0,0
207,Luganville,VU,2020-06-16 13:35:28,-15.53,167.17,78.8,83,20,11.41,few clouds,0.0,0
208,Matagami,CA,2020-06-16 13:35:28,49.75,-77.63,66.2,42,1,9.17,clear sky,0.0,0
209,Sept-Iles,CA,2020-06-16 13:33:08,50.2,-66.38,62.6,55,75,5.82,broken clouds,0.0,0
210,Breves,BR,2020-06-16 13:35:29,-1.68,-50.48,81.61,86,6,5.68,light rain,0.72,0
211,Bubaque,GW,2020-06-16 13:35:29,11.28,-15.83,81.1,79,0,7.11,clear sky,0.0,0
212,Guerrero Negro,MX,2020-06-16 13:35:29,27.98,-114.06,63.68,86,17,8.86,few clouds,0.0,0
213,Taltal,CL,2020-06-16 13:27:13,-25.4,-70.48,59.13,74,100,1.48,overcast clouds,0.0,0
214,Grand Gaube,MU,2020-06-16 13:26:51,-20.01,57.66,73.0,67,100,5.01,overcast clouds,0.0,0
215,Ankang,CN,2020-06-16 13:35:29,32.68,109.02,68.0,46,100,2.68,light rain,0.41,0
216,Paide,EE,2020-06-16 13:35:29,58.89,25.56,63.0,95,91,2.89,overcast clouds,0.0,0
217,Ballina,AU,2020-06-16 13:35:30,-28.87,153.57,59.0,100,1,4.43,clear sky,0.0,0
218,Upernavik,GL,2020-06-16 13:26:49,72.79,-56.15,31.48,96,18,9.04,few clouds,0.0,0
219,Kurumkan,RU,2020-06-16 13:35:30,54.3,110.3,61.57,63,79,6.44,light rain,0.23,0
220,Oistins,BB,2020-06-16 13:23:56,13.07,-59.53,84.2,66,40,21.92,scattered clouds,0.0,0
221,Bambous Virieux,MU,2020-06-16 13:26:13,-20.34,57.76,73.4,69,40,9.17,scattered clouds,0.0,0
222,Gigmoto,PH,2020-06-16 13:35:30,13.78,124.39,80.67,80,18,6.64,few clouds,0.0,0
223,Port Hedland,AU,2020-06-16 13:35:31,-20.32,118.57,68.0,68,0,6.93,clear sky,0.0,0
224,Buchanan,LR,2020-06-16 13:35:31,5.88,-10.05,86.0,74,75,10.29,broken clouds,0.0,0
225,Semirom,IR,2020-06-16 13:35:31,31.42,51.57,79.86,13,0,5.68,clear sky,0.0,0
226,Torrington,US,2020-06-16 13:35:31,41.8,-73.12,70.0,67,4,1.01,clear sky,0.0,0
227,Santa Cruz,BO,2020-06-16 13:35:31,-17.8,-63.17,73.4,73,75,13.87,broken clouds,0.0,0
228,Broome,US,2020-06-16 13:26:58,42.25,-75.83,64.0,67,1,3.36,clear sky,0.0,0
229,Kupang,ID,2020-06-16 13:26:43,-10.17,123.58,78.91,75,87,14.7,overcast clouds,0.0,0
230,Mogadishu,SO,2020-06-16 13:26:55,2.04,45.34,84.2,66,40,23.04,scattered clouds,0.0,0
231,Presidencia Roque Saenz Pena,AR,2020-06-16 13:35:32,-26.79,-60.44,77.0,66,94,3.0,overcast clouds,0.0,0
232,Baindur,IN,2020-06-16 13:35:32,13.87,74.63,81.36,84,100,7.4,moderate rain,2.63,0
233,Tarko-Sale,RU,2020-06-16 13:26:28,64.92,77.78,59.0,70,78,13.11,broken clouds,0.0,0
234,Thinadhoo,MV,2020-06-16 13:26:17,0.53,72.93,84.56,76,0,7.96,clear sky,0.0,0
235,Kalanguy,RU,2020-06-16 13:26:43,51.02,116.52,65.71,44,2,3.51,clear sky,0.0,0
236,Ribeira Grande,PT,2020-06-16 13:26:08,38.52,-28.7,69.8,60,20,12.75,few clouds,0.0,0
237,Yuancheng,CN,2020-06-16 13:35:32,36.65,107.79,59.32,87,100,3.4,light rain,0.18,0
238,Bull Savanna,JM,2020-06-16 13:35:33,17.89,-77.59,81.84,71,93,11.92,overcast clouds,0.0,0
239,Ponta Do Sol,PT,2020-06-16 13:26:48,32.67,-17.1,71.01,86,100,11.01,overcast clouds,0.0,0
240,Kamenka,RU,2020-06-16 13:26:42,51.32,42.77,74.77,54,0,9.37,clear sky,0.0,0
241,Buin,CL,2020-06-16 13:27:21,-33.73,-70.75,44.6,93,90,1.5,overcast clouds,0.0,0
242,Tateyama,JP,2020-06-16 13:35:33,34.98,139.87,77.0,80,0,3.0,clear sky,0.0,0
243,Baghdogra,IN,2020-06-16 13:35:33,26.7,88.32,81.28,82,100,4.76,moderate rain,1.49,0
244,Gari,RU,2020-06-16 13:35:33,59.43,62.35,75.07,53,35,7.85,scattered clouds,0.0,0
245,Yambio,SS,2020-06-16 13:27:01,4.57,28.4,78.67,87,100,1.72,moderate rain,1.33,0
246,Hays,US,2020-06-16 13:35:34,30.05,-98.03,77.0,89,79,7.67,broken clouds,0.0,0
247,Khandyga,RU,2020-06-16 13:27:26,62.67,135.6,59.23,67,0,2.55,clear sky,0.0,0
248,Sakaiminato,JP,2020-06-16 13:35:34,35.55,133.23,68.0,88,75,8.05,broken clouds,0.0,0
249,Bend,US,2020-06-16 13:24:25,44.06,-121.32,42.01,83,96,5.35,overcast clouds,0.0,0
250,Udachnyy,RU,2020-06-16 13:35:34,66.42,112.4,53.6,58,75,2.24,broken clouds,0.0,0
251,Codrington,AU,2020-06-16 13:26:51,-38.27,141.97,49.84,76,37,8.32,scattered clouds,0.0,0
252,Ledyard,US,2020-06-16 13:35:34,41.44,-72.01,69.8,59,1,6.93,clear sky,0.0,0
253,Verkhnyaya Toyma,RU,2020-06-16 13:35:35,62.23,45.0,69.49,63,90,11.48,light rain,0.18,0
254,Benjamin Constant,BR,2020-06-16 13:35:35,-4.38,-70.03,77.0,88,75,6.93,broken clouds,0.0,0
255,Sydney,AU,2020-06-16 13:32:31,-33.87,151.21,57.2,62,0,8.05,clear sky,0.0,0
256,Nosy Varika,MG,2020-06-16 13:35:35,-20.58,48.53,70.7,82,42,6.38,light rain,0.37,0
257,Itarema,BR,2020-06-16 13:26:46,-2.92,-39.92,82.69,73,53,14.54,broken clouds,0.0,0
258,Margate,GB,2020-06-16 13:35:35,51.38,1.39,73.99,74,38,4.0,scattered clouds,0.0,0
259,Nanakuli,US,2020-06-16 13:22:23,21.39,-158.15,75.0,83,40,4.7,scattered clouds,0.0,0
260,Hambantota,LK,2020-06-16 13:26:57,6.12,81.12,84.2,83,40,14.99,scattered clouds,0.0,0
261,Macaparana,BR,2020-06-16 13:35:36,-7.55,-35.45,71.6,94,90,16.11,mist,0.0,0
262,Sitka,US,2020-06-16 13:26:24,57.05,-135.33,51.8,87,90,6.93,overcast clouds,0.0,0
263,Corsicana,US,2020-06-16 13:34:24,32.1,-96.47,79.0,83,1,4.7,clear sky,0.0,0
264,Pristen,RU,2020-06-16 13:35:36,51.24,36.7,84.2,23,0,15.66,clear sky,0.0,0
265,Omboue,GA,2020-06-16 13:35:36,-1.57,9.26,77.81,80,83,8.25,broken clouds,0.0,0
266,Atar,MR,2020-06-16 13:26:35,20.52,-13.05,109.42,11,1,26.62,clear sky,0.0,0
267,Mehriz,IR,2020-06-16 13:35:36,31.59,54.43,100.4,8,20,6.93,few clouds,0.0,0
268,Qaqortoq,GL,2020-06-16 13:34:21,60.72,-46.03,41.0,86,90,5.82,light intensity drizzle,0.0,0
269,Lerma,ES,2020-06-16 13:35:37,42.03,-3.76,59.0,72,75,14.99,light rain,0.0,0
270,Shatrovo,RU,2020-06-16 13:35:37,56.52,64.63,71.87,63,10,7.11,clear sky,0.0,0
271,Chara,RU,2020-06-16 13:35:37,56.91,118.26,59.2,69,54,2.26,light rain,0.24,0
272,Acarau,BR,2020-06-16 13:35:37,-2.89,-40.12,83.52,71,16,13.91,few clouds,0.0,0
273,Pontianak,ID,2020-06-16 13:35:37,-0.03,109.33,80.37,83,80,3.53,broken clouds,0.0,0
274,Labuhan,ID,2020-06-16 13:26:23,-6.88,112.21,81.1,80,0,7.67,clear sky,0.0,0
275,Ilhabela,BR,2020-06-16 13:35:37,-23.78,-45.36,71.76,77,19,8.23,few clouds,0.0,0
276,Samdrup Jongkhar,BT,2020-06-16 13:35:37,26.92,91.62,75.6,82,92,1.88,light rain,0.53,0
277,Clyde River,CA,2020-06-16 13:26:20,70.47,-68.59,33.8,80,90,11.41,overcast clouds,0.0,0
278,Ishinomaki,JP,2020-06-16 13:35:38,38.42,141.3,71.6,53,40,4.7,scattered clouds,0.0,0
279,Kahului,US,2020-06-16 13:24:03,20.89,-156.47,75.2,78,90,12.75,light rain,0.0,0
280,Bethel,US,2020-06-16 13:26:38,41.37,-73.41,66.2,63,1,4.7,clear sky,0.0,0
281,Kaitangata,NZ,2020-06-16 13:26:45,-46.28,169.85,57.99,54,100,4.72,overcast clouds,0.0,0
282,Pout,SN,2020-06-16 13:35:38,14.77,-17.06,89.6,59,0,8.05,clear sky,0.0,0
283,Griffith,US,2020-06-16 13:35:38,41.53,-87.42,75.0,72,1,6.8,clear sky,0.0,0
284,Provideniya,RU,2020-06-16 13:26:17,64.38,-173.3,52.23,60,96,1.68,overcast clouds,0.0,0
285,Nome,US,2020-06-16 13:26:59,64.5,-165.41,48.99,87,1,3.36,clear sky,0.0,0
286,Bat Khela,PK,2020-06-16 13:35:39,34.62,71.97,92.8,17,0,1.5,clear sky,0.0,0
287,Basco,PH,2020-06-16 13:35:39,20.45,121.97,84.33,77,100,8.63,overcast clouds,0.0,0
288,Ginda,IN,2020-06-16 13:35:39,30.69,78.49,75.02,36,75,1.23,broken clouds,0.0,0
289,Petropavlovsk-Kamchatskiy,RU,2020-06-16 13:35:39,53.05,158.65,41.0,100,90,6.71,overcast clouds,0.0,0
290,Zilair,RU,2020-06-16 13:35:39,52.23,57.44,67.28,61,49,2.53,scattered clouds,0.0,0
291,Vilhena,BR,2020-06-16 13:35:39,-12.74,-60.15,75.2,73,0,9.17,clear sky,0.0,0
292,Aloleng,PH,2020-06-16 13:35:40,16.13,119.78,84.45,75,1,4.68,clear sky,0.0,0
293,Dibombari,CM,2020-06-16 13:35:40,4.18,9.66,86.0,66,75,2.24,broken clouds,0.0,0
294,Lata,PT,2020-06-16 13:26:16,40.16,-8.33,77.0,57,14,8.59,light rain,0.83,0
295,Port Hardy,CA,2020-06-16 13:27:21,50.7,-127.42,46.4,93,40,3.36,scattered clouds,0.0,0
296,Prince Rupert,CA,2020-06-16 13:35:40,54.32,-130.32,51.8,87,90,4.7,overcast clouds,0.0,0
297,Mount Isa,AU,2020-06-16 13:23:06,-20.73,139.5,68.0,30,0,12.75,clear sky,0.0,0
298,Ploemeur,FR,2020-06-16 13:35:40,47.73,-3.43,66.99,72,97,12.75,overcast clouds,0.0,0
299,Irricana,CA,2020-06-16 13:35:41,51.32,-113.6,55.0,50,90,1.01,overcast clouds,0.0,0
300,Richards Bay,ZA,2020-06-16 13:35:41,-28.78,32.04,65.97,63,67,9.86,light rain,0.36,0
301,Beloslav,BG,2020-06-16 13:35:41,43.18,27.7,69.8,83,75,12.75,broken clouds,0.0,0
302,Ixtapa,MX,2020-06-16 13:35:41,20.7,-105.2,78.01,78,20,1.39,few clouds,0.0,0
303,Padang,ID,2020-06-16 13:23:13,-0.95,100.35,81.21,77,99,5.26,light rain,0.68,0
304,Bengkulu,ID,2020-06-16 13:26:58,-3.8,102.27,79.59,86,100,6.76,light rain,0.28,0
305,Texarkana,US,2020-06-16 13:32:23,33.43,-94.05,77.0,83,1,3.36,clear sky,0.0,0
306,Berlevag,NO,2020-06-16 13:27:02,70.86,29.09,46.4,65,75,21.92,broken clouds,0.0,0
307,Merauke,ID,2020-06-16 13:35:42,-8.47,140.33,78.58,82,94,18.75,overcast clouds,0.0,0
308,Quimperle,FR,2020-06-16 13:35:42,47.87,-3.55,66.99,72,9,12.75,light rain,0.11,0
309,Lima,PE,2020-06-16 13:34:59,-12.04,-77.03,64.4,77,90,6.93,overcast clouds,0.0,0
310,Saldanha,ZA,2020-06-16 13:35:42,-33.01,17.94,71.6,46,0,3.36,clear sky,0.0,0
311,Tuktoyaktuk,CA,2020-06-16 13:26:11,69.45,-133.04,51.8,66,75,12.75,broken clouds,0.0,0
312,Dingolfing,DE,2020-06-16 13:35:43,48.63,12.5,69.01,83,100,3.94,overcast clouds,0.0,0
313,Umm Lajj,SA,2020-06-16 13:35:43,25.02,37.27,86.83,52,0,10.65,clear sky,0.0,0
314,Bonthe,SL,2020-06-16 13:26:34,7.53,-12.51,85.44,72,90,6.46,light rain,0.76,0
315,Astoria,US,2020-06-16 13:35:43,46.19,-123.83,51.8,93,90,4.7,light rain,0.89,0
316,Warri,NG,2020-06-16 13:35:43,5.52,5.75,83.19,80,100,8.59,moderate rain,2.18,0
317,Matara,LK,2020-06-16 13:27:27,5.95,80.54,81.25,87,81,8.7,broken clouds,0.0,0
318,Angoche,MZ,2020-06-16 13:26:56,-16.23,39.91,71.47,83,100,12.15,moderate rain,1.08,0
319,Acapulco,MX,2020-06-16 13:32:13,16.86,-99.89,80.6,83,40,1.45,scattered clouds,0.0,0
320,Port-Gentil,GA,2020-06-16 13:35:44,-0.72,8.78,80.6,78,40,12.75,scattered clouds,0.0,0
321,Khatanga,RU,2020-06-16 13:26:33,71.97,102.5,57.04,37,100,6.62,overcast clouds,0.0,0
322,Ambilobe,MG,2020-06-16 13:35:44,-13.2,49.05,77.38,52,89,6.42,overcast clouds,0.0,0
323,Salto,UY,2020-06-16 13:35:44,-31.38,-57.97,66.2,82,0,8.05,clear sky,0.0,0
324,Sunam,IN,2020-06-16 13:35:44,30.13,75.8,106.09,7,0,5.28,clear sky,0.0,0
325,Acari,PE,2020-06-16 13:35:44,-15.43,-74.62,68.56,51,50,3.87,scattered clouds,0.0,0
326,Evensk,RU,2020-06-16 13:27:22,61.95,159.23,52.38,62,100,3.33,overcast clouds,0.0,0
327,Aruppukkottai,IN,2020-06-16 13:35:44,9.52,78.1,93.2,44,40,18.34,scattered clouds,0.0,0
328,Vila Velha,BR,2020-06-16 13:21:37,-20.33,-40.29,75.2,78,75,14.99,broken clouds,0.0,0
329,Ishigaki,JP,2020-06-16 13:35:45,24.34,124.16,83.66,84,51,14.18,broken clouds,0.0,0
330,Shache,CN,2020-06-16 13:34:33,38.42,77.24,84.02,14,100,8.81,overcast clouds,0.0,0
331,Axim,GH,2020-06-16 13:35:45,4.87,-2.24,81.68,78,69,11.14,broken clouds,0.0,0
332,Malpe,IN,2020-06-16 13:35:45,13.35,74.72,77.0,94,75,3.36,mist,0.0,0
333,General Pico,AR,2020-06-16 13:35:45,-35.66,-63.76,51.49,76,90,5.48,overcast clouds,0.0,0
334,Santa Fe,AR,2020-06-16 13:35:46,-31.63,-60.7,72.0,77,18,11.01,few clouds,0.0,0
335,Kidal,ML,2020-06-16 13:35:46,18.44,1.41,114.46,5,0,14.18,clear sky,0.0,0
336,Morondava,MG,2020-06-16 13:35:46,-20.28,44.28,76.03,65,0,12.62,clear sky,0.0,0
337,Kuryk,KZ,2020-06-16 13:35:46,43.2,51.65,92.7,16,28,22.66,scattered clouds,0.0,0
338,Caala,AO,2020-06-16 13:35:46,-12.85,15.56,71.6,40,0,3.8,clear sky,0.0,0
339,Mtwara,TZ,2020-06-16 13:35:46,-10.27,40.18,82.49,51,17,12.97,few clouds,0.0,0
340,Kavieng,PG,2020-06-16 13:23:04,-2.57,150.8,83.55,71,87,9.84,overcast clouds,0.0,0
341,Roald,NO,2020-06-16 13:26:38,62.58,6.13,70.0,82,32,12.75,shower rain,0.0,0
342,Vestmanna,FO,2020-06-16 13:27:11,62.16,-7.17,51.8,93,100,4.7,mist,0.0,0
343,Jining,CN,2020-06-16 13:35:47,35.41,116.58,69.71,65,100,6.67,light rain,0.14,0
344,Manuk Mangkaw,PH,2020-06-16 13:35:47,4.8,119.85,84.72,69,49,5.1,scattered clouds,0.0,0
345,Luderitz,NA,2020-06-16 13:35:47,-26.65,15.16,89.6,6,0,14.99,clear sky,0.0,0
346,Maldonado,UY,2020-06-16 13:35:47,-34.67,-54.92,60.01,95,100,10.6,overcast clouds,0.0,0
347,Bambanglipuro,ID,2020-06-16 13:35:47,-7.95,110.28,78.37,88,28,8.77,light rain,0.19,0
348,Maroantsetra,MG,2020-06-16 13:35:47,-15.43,49.73,72.45,82,72,8.93,light rain,0.33,0
349,Piacabucu,BR,2020-06-16 13:35:47,-10.41,-36.43,81.48,67,4,13.13,clear sky,0.0,0
350,Tunceli,TR,2020-06-16 13:35:48,39.11,39.55,91.4,22,40,3.36,scattered clouds,0.0,0
351,Qasigiannguit,GL,2020-06-16 13:35:48,68.82,-51.19,42.8,38,20,4.7,few clouds,0.0,0
352,Asosa,ET,2020-06-16 13:35:48,10.07,34.53,72.0,89,93,3.4,light rain,0.62,0
353,Daru,PG,2020-06-16 13:26:30,-9.08,143.21,78.31,83,100,20.04,overcast clouds,0.0,0
354,Hamilton,US,2020-06-16 13:26:52,39.18,-84.53,68.0,72,1,3.2,clear sky,0.0,0
355,Grajau,BR,2020-06-16 13:35:48,-5.82,-46.14,84.47,56,0,10.51,clear sky,0.0,0
356,Strezhevoy,RU,2020-06-16 13:26:35,60.73,77.59,69.8,56,100,8.95,overcast clouds,0.0,0
357,Jalingo,NG,2020-06-16 13:35:48,8.88,11.37,95.72,44,91,5.1,overcast clouds,0.0,0
358,Rio Claro,BR,2020-06-16 13:35:49,-22.41,-47.56,66.2,72,0,3.36,clear sky,0.0,0
359,Kremenki,RU,2020-06-16 13:35:49,54.88,37.13,82.4,37,0,13.42,clear sky,0.0,0
360,Ambikapur,IN,2020-06-16 13:35:49,23.12,83.2,79.74,82,100,1.61,moderate rain,1.74,0
361,Kaohsiung,TW,2020-06-16 13:35:49,22.62,120.31,84.99,70,20,5.82,few clouds,0.0,0
362,Volzhsk,RU,2020-06-16 13:35:49,55.87,48.36,75.2,40,36,11.18,light rain,0.15,0
363,Azanka,RU,2020-06-16 13:35:49,58.04,64.79,74.17,56,10,4.36,clear sky,0.0,0
364,Port Blair,IN,2020-06-16 13:26:22,11.67,92.75,83.66,79,100,16.71,light rain,0.67,0
365,Kjollefjord,NO,2020-06-16 13:26:27,70.95,27.35,46.4,71,75,20.8,broken clouds,0.0,0
366,Kalengwa,ZM,2020-06-16 13:35:50,-13.47,25.0,75.02,34,0,7.72,clear sky,0.0,0
367,Waddan,LY,2020-06-16 13:27:00,29.16,16.14,89.74,17,0,14.56,clear sky,0.0,0
368,Brownfield,US,2020-06-16 13:33:04,33.18,-102.27,72.0,70,0,3.0,clear sky,0.0,0
369,Buala,SB,2020-06-16 13:35:50,-8.14,159.59,80.53,81,100,3.67,moderate rain,1.06,0
370,Aplahoue,BJ,2020-06-16 13:35:50,6.93,1.68,91.06,58,61,7.54,broken clouds,0.0,0
371,Whitehorse,CA,2020-06-16 13:33:36,60.72,-135.05,50.0,93,90,6.93,light rain,0.0,0
372,San Cristobal,VE,2020-06-16 13:35:50,7.77,-72.22,84.2,54,20,4.7,few clouds,0.0,0
373,Fort-Shevchenko,KZ,2020-06-16 13:35:50,44.51,50.26,88.56,26,88,22.15,overcast clouds,0.0,0
374,Sabang,ID,2020-06-16 13:27:23,5.89,95.32,83.43,69,100,14.07,overcast clouds,0.0,0
375,Wanlaweyn,SO,2020-06-16 13:35:51,2.62,44.89,84.94,55,85,21.12,overcast clouds,0.0,0
376,Lakewood,US,2020-06-16 13:35:51,39.7,-105.08,73.0,30,10,3.0,clear sky,0.0,0
377,Gamba,GA,2020-06-16 13:35:51,-2.65,10.0,76.95,79,88,7.02,overcast clouds,0.0,0
378,Yulara,AU,2020-06-16 13:35:51,-25.24,130.99,50.0,31,0,8.05,clear sky,0.0,0
379,Bandar-E Anzali,IR,2020-06-16 13:34:19,37.47,49.46,89.6,38,20,6.93,few clouds,0.0,0
380,Blackwater,AU,2020-06-16 13:35:52,-23.58,148.88,59.83,64,29,10.42,scattered clouds,0.0,0
381,Nador,MA,2020-06-16 13:34:15,35.17,-2.93,84.2,36,33,18.34,scattered clouds,0.0,0
382,Dalby,AU,2020-06-16 13:35:52,-27.18,151.27,53.01,83,28,8.7,scattered clouds,0.0,0
383,Akyab,MM,2020-06-16 13:35:52,20.15,92.9,83.59,83,100,16.02,moderate rain,2.31,0
384,Bukama,CD,2020-06-16 13:26:19,-9.2,25.85,90.72,20,0,4.54,clear sky,0.0,0
385,Jamame,SO,2020-06-16 13:35:52,0.07,42.75,81.95,60,5,19.19,clear sky,0.0,0
386,Safranbolu,TR,2020-06-16 13:35:52,41.25,32.69,78.8,69,40,11.41,scattered clouds,0.0,0
387,Ranfurly,NZ,2020-06-16 13:35:52,-45.13,170.1,52.0,60,100,5.61,overcast clouds,0.0,0
388,Lasa,IT,2020-06-16 13:26:21,46.62,10.7,68.0,59,75,8.05,broken clouds,0.0,0
389,Lagos,NG,2020-06-16 13:35:53,6.58,3.75,87.8,74,75,6.93,broken clouds,0.0,0
390,Darnah,LY,2020-06-16 13:35:53,32.77,22.64,73.83,65,0,21.45,clear sky,0.0,0
391,Coruripe,BR,2020-06-16 13:27:07,-10.13,-36.18,80.15,74,49,14.07,scattered clouds,0.0,0
392,Zlate Moravce,SK,2020-06-16 13:35:53,48.39,18.4,68.0,82,75,18.34,broken clouds,0.0,0
393,Bartlesville,US,2020-06-16 13:33:41,36.75,-95.98,77.0,78,1,6.93,clear sky,0.0,0
394,Seoul,KR,2020-06-16 13:33:43,37.57,126.98,75.2,83,26,4.7,scattered clouds,0.0,0
395,Kemijarvi,FI,2020-06-16 13:35:54,66.71,27.43,62.19,33,63,5.06,broken clouds,0.0,0
396,Naze,JP,2020-06-16 13:27:14,28.37,129.48,75.2,100,75,6.93,light rain,0.0,0
397,Kabinda,CD,2020-06-16 13:35:54,-6.13,24.48,88.99,18,0,4.92,clear sky,0.0,0
398,Havoysund,NO,2020-06-16 13:35:54,71.0,24.66,42.8,75,75,23.04,light rain,0.0,0
399,Luanda,AO,2020-06-16 13:32:31,-8.84,13.23,78.8,74,20,6.93,few clouds,0.0,0
400,Lorengau,PG,2020-06-16 13:26:45,-2.02,147.27,82.71,75,88,8.08,overcast clouds,0.0,0
401,Tchollire,CM,2020-06-16 13:35:55,8.4,14.17,97.84,38,24,1.03,few clouds,0.0,0
402,Komsomolskiy,UZ,2020-06-16 13:27:09,40.43,71.72,93.2,13,3,4.7,clear sky,0.0,0
403,Castro,BR,2020-06-16 13:26:31,-24.79,-50.01,58.55,86,94,8.28,overcast clouds,0.0,0
404,Benghazi,LY,2020-06-16 13:35:55,32.12,20.07,75.22,63,0,13.24,clear sky,0.0,0
405,Jiuquan,CN,2020-06-16 13:35:55,39.74,98.52,74.52,27,99,19.24,overcast clouds,0.0,0
406,Coihaique,CL,2020-06-16 13:25:25,-45.58,-72.07,33.8,86,75,3.36,mist,0.0,0
407,Kurchum,KZ,2020-06-16 13:35:56,48.57,83.65,75.33,50,70,5.68,broken clouds,0.0,0
408,Kaeo,NZ,2020-06-16 13:35:56,-35.1,173.78,59.0,3,4,5.01,clear sky,0.0,0
409,Taoudenni,ML,2020-06-16 13:26:08,22.68,-3.98,113.59,5,0,19.46,clear sky,0.0,0
410,Bileca,BA,2020-06-16 13:35:56,42.87,18.43,68.0,72,20,5.82,few clouds,0.0,0
411,Tromso,NO,2020-06-16 13:35:56,69.65,18.96,51.8,53,20,6.93,few clouds,0.0,0
412,Tazovskiy,RU,2020-06-16 13:35:56,67.47,78.7,43.75,60,43,16.6,scattered clouds,0.0,0
413,Henties Bay,NA,2020-06-16 13:26:39,-22.12,14.28,84.0,24,0,5.01,clear sky,0.0,0
414,Samandag,TR,2020-06-16 13:35:56,36.08,35.98,84.2,42,0,21.92,clear sky,0.0,0
415,Batemans Bay,AU,2020-06-16 13:26:08,-35.72,150.18,44.01,98,0,6.22,clear sky,0.0,0
416,Banjar,ID,2020-06-16 13:35:57,-8.19,114.97,82.4,94,20,11.41,few clouds,0.0,0
417,Salalah,OM,2020-06-16 13:26:06,17.02,54.09,87.8,84,20,10.29,few clouds,0.0,0
418,Tawang,IN,2020-06-16 13:35:57,27.58,91.87,59.43,80,88,1.05,light rain,0.41,0
419,Harbin,CN,2020-06-16 13:35:39,45.75,126.65,73.4,60,83,8.95,broken clouds,0.0,0
420,Vila Do Maio,CV,2020-06-16 13:35:57,15.13,-23.22,86.0,66,20,5.82,few clouds,0.0,0
421,Pizarro,CO,2020-06-16 13:35:57,4.95,-77.37,81.73,82,73,1.03,moderate rain,1.95,0
422,Gewane,ET,2020-06-16 13:35:57,10.17,40.65,104.23,11,12,7.54,few clouds,0.0,0
423,Kortkeros,RU,2020-06-16 13:35:58,61.81,51.58,78.8,34,40,11.18,scattered clouds,0.0,0
424,Ilebo,CD,2020-06-16 13:35:58,-4.32,20.58,93.74,21,0,3.11,clear sky,0.0,0
425,Banda Aceh,ID,2020-06-16 13:25:02,5.56,95.32,82.56,67,94,9.89,overcast clouds,0.0,0
426,Oranjemund,NA,2020-06-16 13:27:20,-28.55,16.43,74.39,18,42,26.44,scattered clouds,0.0,0
427,Atlantic City,US,2020-06-16 13:35:58,39.36,-74.42,66.2,63,1,11.41,clear sky,0.0,0
428,Santa Isabel,BR,2020-06-16 13:35:58,-23.32,-46.22,64.4,82,90,12.75,overcast clouds,0.0,0
429,Aguimes,ES,2020-06-16 13:35:58,27.91,-15.45,81.0,73,60,10.29,broken clouds,0.0,0
430,Klaksvik,FO,2020-06-16 13:26:06,62.23,-6.59,51.8,93,100,4.7,mist,0.0,0
431,Dzhebariki-Khaya,RU,2020-06-16 13:35:59,62.22,135.8,57.11,66,1,1.3,clear sky,0.0,0
432,Naron,ES,2020-06-16 13:35:59,43.52,-8.15,66.0,72,11,10.36,few clouds,0.0,0
433,Amapa,BR,2020-06-16 13:35:59,1.0,-52.0,80.65,90,3,4.52,moderate rain,1.06,0
434,Caravelas,BR,2020-06-16 13:26:47,-17.71,-39.25,79.56,65,37,11.12,scattered clouds,0.0,0
435,Uruguaiana,BR,2020-06-16 13:35:59,-29.75,-57.09,64.4,88,99,9.17,overcast clouds,0.0,0
436,Muswellbrook,AU,2020-06-16 13:35:59,-32.27,150.9,47.48,91,17,3.4,few clouds,0.0,0
437,Hay River,CA,2020-06-16 13:26:59,60.82,-115.8,37.4,93,90,6.93,overcast clouds,0.0,0
438,Noboribetsu,JP,2020-06-16 13:36:00,42.45,141.17,63.0,100,75,4.7,broken clouds,0.0,0
439,Luba,GQ,2020-06-16 13:36:00,3.46,8.55,80.6,100,75,4.7,broken clouds,0.0,0
440,Yeppoon,AU,2020-06-16 13:36:00,-23.13,150.73,64.4,93,4,12.95,clear sky,0.0,0
441,Liyang,CN,2020-06-16 13:36:00,29.71,118.29,78.82,82,68,3.09,broken clouds,0.0,0
442,Porbandar,IN,2020-06-16 13:36:00,21.64,69.61,87.85,77,100,11.56,overcast clouds,0.0,0
443,Dongsheng,CN,2020-06-16 13:36:00,39.82,109.98,71.44,38,100,16.62,overcast clouds,0.0,0
444,Cayenne,GF,2020-06-16 13:36:01,4.93,-52.33,82.4,74,75,3.36,broken clouds,0.0,0
445,Punto Fijo,VE,2020-06-16 13:33:37,11.7,-70.2,84.22,68,52,24.49,broken clouds,0.0,0
446,Longyearbyen,SJ,2020-06-16 13:22:46,78.22,15.64,41.0,60,20,12.75,few clouds,0.0,0
447,Neuquen,AR,2020-06-16 13:36:01,-38.95,-68.06,33.8,80,100,3.36,overcast clouds,0.0,0
448,Asbest,RU,2020-06-16 13:36:01,57.01,61.46,78.8,31,8,13.42,clear sky,0.0,0
449,Vanimo,PG,2020-06-16 13:26:36,-2.67,141.3,80.1,78,73,1.9,light rain,0.14,0
450,Saint-Denis,FR,2020-06-16 13:36:01,48.92,2.33,73.0,52,90,5.82,overcast clouds,0.0,0
451,Port Hawkesbury,CA,2020-06-16 13:36:02,45.62,-61.35,66.0,45,1,4.7,clear sky,0.0,0
452,Kalnibolotskaya,RU,2020-06-16 13:36:02,46.01,40.46,82.0,65,58,9.55,broken clouds,0.0,0
453,Kuytun,RU,2020-06-16 13:36:02,54.34,101.5,53.73,80,100,6.55,overcast clouds,0.0,0
454,Lander,US,2020-06-16 13:36:01,42.83,-108.73,57.2,24,1,3.36,clear sky,0.0,0
455,Pringsewu,ID,2020-06-16 13:36:02,-5.36,104.97,75.06,93,97,1.36,light rain,0.53,0
456,Kiama,AU,2020-06-16 13:36:02,-34.68,150.87,62.01,64,17,8.01,few clouds,0.0,0
457,Hami,CN,2020-06-16 13:26:13,42.8,93.45,92.08,11,0,4.5,clear sky,0.0,0
458,Dukat,RU,2020-06-16 13:36:03,62.55,155.55,54.37,71,100,4.16,moderate rain,1.02,0
459,Tikrit,IQ,2020-06-16 13:36:03,34.61,43.68,105.85,9,0,17.65,clear sky,0.0,0
460,Vydrino,RU,2020-06-16 13:36:03,51.48,104.85,52.3,83,99,5.28,overcast clouds,0.0,0
461,Borogontsy,RU,2020-06-16 13:36:03,62.67,131.17,58.71,70,32,2.77,scattered clouds,0.0,0
462,Basoko,CD,2020-06-16 13:36:03,1.24,23.62,87.85,50,89,2.82,overcast clouds,0.0,0
463,Igrim,RU,2020-06-16 13:36:03,63.19,64.42,58.89,93,100,1.99,light rain,0.79,0
464,Olinda,BR,2020-06-16 13:26:43,-8.01,-34.86,78.8,83,75,5.82,shower rain,0.0,0
465,Bandarbeyla,SO,2020-06-16 13:26:22,9.49,50.81,93.2,40,74,24.52,broken clouds,0.0,0
466,Urumqi,CN,2020-06-16 13:36:04,43.8,87.6,89.6,17,20,11.18,few clouds,0.0,0
467,Hofn,IS,2020-06-16 13:26:37,64.25,-15.21,49.41,67,100,7.63,overcast clouds,0.0,0
468,Kita,ML,2020-06-16 13:36:04,13.03,-9.49,100.65,30,56,5.68,broken clouds,0.0,0
469,Seddon,AU,2020-06-16 13:36:04,-37.81,144.89,53.01,93,90,9.17,overcast clouds,0.0,0
470,Kiunga,PG,2020-06-16 13:36:04,-6.12,141.29,74.43,98,100,3.51,moderate rain,2.27,0
471,Goderich,CA,2020-06-16 13:36:05,43.75,-81.72,71.01,49,0,1.77,clear sky,0.0,0
472,Batken,KG,2020-06-16 13:36:05,39.83,71.0,64.04,30,69,5.23,broken clouds,0.0,0
473,Dudinka,RU,2020-06-16 13:36:05,69.41,86.18,44.6,81,75,13.42,broken clouds,0.0,0
474,Kibala,TD,2020-06-16 13:36:05,9.11,18.35,95.0,44,20,2.24,few clouds,0.0,0
475,Kloulklubed,PW,2020-06-16 13:27:06,7.04,134.26,78.8,88,75,4.7,broken clouds,0.0,0
476,Santa Vitoria Do Palmar,BR,2020-06-16 13:36:05,-33.52,-53.37,63.32,85,44,9.64,scattered clouds,0.0,0
477,Nizhnevartovsk,RU,2020-06-16 13:36:06,60.93,76.55,69.8,56,100,8.95,overcast clouds,0.0,0
478,Loandjili,CG,2020-06-16 13:36:06,-4.76,11.86,78.8,74,90,9.17,overcast clouds,0.0,0
479,Nouakchott,MR,2020-06-16 13:26:36,18.09,-15.98,86.0,58,0,9.17,dust,0.0,0
480,Russell,US,2020-06-16 13:26:20,32.35,-85.2,66.2,68,20,11.41,few clouds,0.0,0
481,Owerri,NG,2020-06-16 13:36:06,5.48,7.03,78.8,83,40,3.36,scattered clouds,0.0,0
482,Mount Gambier,AU,2020-06-16 13:26:41,-37.83,140.77,48.2,100,90,5.82,overcast clouds,0.0,0
483,Santa Luzia,BR,2020-06-16 13:33:33,-19.77,-43.85,68.0,77,75,6.93,broken clouds,0.0,0
484,Am Timan,TD,2020-06-16 13:36:07,11.03,20.28,98.94,29,71,0.56,broken clouds,0.0,0
485,Katangli,RU,2020-06-16 13:36:07,51.71,143.23,40.71,86,99,3.56,overcast clouds,0.0,0
486,Srikakulam,IN,2020-06-16 13:36:07,18.3,83.9,86.05,75,88,19.17,overcast clouds,0.0,0
487,Baruun-Urt,MN,2020-06-16 13:26:44,46.68,113.28,74.7,22,73,5.1,broken clouds,0.0,0
488,Praia Da Vitoria,PT,2020-06-16 13:36:07,38.73,-27.07,66.2,82,40,8.84,scattered clouds,0.0,0
489,Srednekolymsk,RU,2020-06-16 13:26:24,67.45,153.68,73.87,38,53,7.36,broken clouds,0.0,0
490,Necochea,AR,2020-06-16 13:36:08,-38.55,-58.74,54.0,93,100,8.01,overcast clouds,0.0,0
491,Port Macquarie,AU,2020-06-16 13:26:26,-31.43,152.92,50.0,93,0,4.99,clear sky,0.0,0
492,Geraldton,AU,2020-06-16 13:26:15,-28.77,114.6,59.0,29,0,12.75,clear sky,0.0,0
493,Kutum,SD,2020-06-16 13:36:08,14.2,24.67,92.34,21,84,7.81,broken clouds,0.0,0
494,Adrar,MR,2020-06-16 13:27:25,20.5,-10.07,107.24,10,0,26.33,clear sky,0.0,0
495,Lagoa,PT,2020-06-16 13:26:19,39.05,-27.98,64.38,80,0,10.76,clear sky,0.0,0
496,Chicama,PE,2020-06-16 13:26:53,-7.84,-79.15,65.84,76,27,5.61,scattered clouds,0.0,0
497,Flin Flon,CA,2020-06-16 13:27:22,54.77,-101.86,59.0,67,20,5.82,few clouds,0.0,0
498,Kisangani,CD,2020-06-16 13:36:09,0.52,25.2,89.04,51,70,2.77,broken clouds,0.0,0
499,Xiongzhou,CN,2020-06-16 13:36:09,25.12,114.3,78.19,81,1,3.98,clear sky,0.0,0
500,Rodrigues Alves,BR,2020-06-16 13:36:09,-7.74,-72.65,75.2,94,75,2.84,broken clouds,0.0,0
501,Bathsheba,BB,2020-06-16 13:26:31,13.22,-59.52,84.2,66,40,21.92,scattered clouds,0.0,0
502,Chernenko,RU,2020-06-16 13:36:09,44.37,39.31,79.68,53,31,3.89,scattered clouds,0.0,0
503,Mackay,AU,2020-06-16 13:26:36,-21.15,149.2,64.4,88,75,6.93,broken clouds,0.0,0
504,Omsukchan,RU,2020-06-16 13:36:09,62.53,155.8,56.5,68,100,3.67,moderate rain,1.19,0
505,Baculin,PH,2020-06-16 13:36:09,7.45,126.58,79.3,78,54,4.52,light rain,0.51,0
506,San Pedro,PH,2020-06-16 13:36:10,14.35,121.02,87.01,70,40,5.82,scattered clouds,0.0,0
507,Ulenje,TZ,2020-06-16 13:36:10,-8.93,33.68,60.37,64,37,5.5,scattered clouds,0.0,0
508,Kalmunai,LK,2020-06-16 13:26:57,7.42,81.82,88.52,63,100,10.92,overcast clouds,0.0,0
509,Ipora,BR,2020-06-16 13:36:10,-16.44,-51.12,77.38,53,0,11.23,clear sky,0.0,0
510,Tongliao,CN,2020-06-16 13:36:10,43.61,122.27,76.8,29,0,10.25,clear sky,0.0,0
511,Talavera De La Reina,ES,2020-06-16 13:32:36,39.96,-4.83,79.0,25,37,13.0,scattered clouds,0.0,0
512,Ajaccio,FR,2020-06-16 13:36:10,42.0,8.92,73.4,64,73,11.41,broken clouds,0.0,0
513,Dingle,PH,2020-06-16 13:27:16,11.0,122.67,79.32,74,96,4.47,overcast clouds,0.0,0
514,Yarada,IN,2020-06-16 13:36:11,17.65,83.27,86.0,84,75,9.17,broken clouds,0.0,0
515,Vangaindrano,MG,2020-06-16 13:27:10,-23.35,47.6,68.9,88,87,8.7,moderate rain,1.23,0
516,Belmonte,BR,2020-06-16 13:26:40,-15.86,-38.88,78.8,69,40,11.41,scattered clouds,0.0,0
517,San Patricio,MX,2020-06-16 13:26:36,19.22,-104.7,73.4,94,40,2.93,scattered clouds,0.0,0
518,Sao Felix Do Xingu,BR,2020-06-16 13:36:11,-6.64,-51.99,84.94,52,2,7.02,clear sky,0.0,0
519,Murud,IN,2020-06-16 13:36:11,18.33,72.97,80.46,88,85,11.16,light rain,0.74,0
520,Sola,VU,2020-06-16 13:27:20,-13.88,167.55,81.43,79,100,22.41,overcast clouds,0.0,0
521,Gotsu,JP,2020-06-16 13:36:12,35.0,132.22,65.52,73,100,4.54,overcast clouds,0.0,0
522,Nago,JP,2020-06-16 13:24:45,26.59,127.98,82.4,88,1,9.17,clear sky,0.0,0
523,Libertador General San Martin,AR,2020-06-16 13:36:12,-23.81,-64.79,70.52,36,2,2.64,clear sky,0.0,0
524,Jardim,BR,2020-06-16 13:26:59,-21.48,-56.14,76.5,49,0,9.82,clear sky,0.0,0
525,Tautira,PF,2020-06-16 13:26:34,-17.73,-149.15,80.6,74,75,10.29,broken clouds,0.0,0
526,Krutinka,RU,2020-06-16 13:36:13,56.01,71.51,63.52,65,4,3.44,clear sky,0.0,0
527,Villazon,BO,2020-06-16 13:36:13,-22.09,-65.59,49.8,40,85,2.93,overcast clouds,0.0,0
528,Mapiripan,CO,2020-06-16 13:36:13,2.89,-72.13,79.41,80,14,4.7,few clouds,0.0,0
529,Kurskaya,RU,2020-06-16 13:36:13,44.05,44.45,88.11,45,61,1.63,broken clouds,0.0,0
530,Kumla,SE,2020-06-16 13:36:13,59.13,15.14,64.4,72,100,10.29,heavy intensity rain,5.99,0
531,Toora-Khem,RU,2020-06-16 13:36:13,52.47,96.11,51.94,56,0,4.43,clear sky,0.0,0
532,El Dorado,US,2020-06-16 13:36:14,33.21,-92.67,75.2,73,1,5.82,clear sky,0.0,0
533,Puerto Montt,CL,2020-06-16 13:36:14,-41.47,-72.94,50.0,87,75,9.17,broken clouds,0.0,0
534,Manavalakurichi,IN,2020-06-16 13:36:14,8.13,77.3,86.0,70,40,4.7,haze,0.0,0
535,Atasu,KZ,2020-06-16 13:36:14,48.68,71.64,63.41,63,65,30.62,light rain,0.19,0
536,Port Lincoln,AU,2020-06-16 13:26:38,-34.73,135.87,56.07,75,100,2.98,overcast clouds,0.0,0
537,Severo-Yeniseyskiy,RU,2020-06-16 13:36:14,60.37,93.04,48.42,77,3,4.81,clear sky,0.0,0
538,Sunrise Manor,US,2020-06-16 13:36:14,36.21,-115.07,82.4,21,1,19.46,clear sky,0.0,0
539,Bambari,CF,2020-06-16 13:36:14,5.77,20.68,81.86,82,49,5.26,moderate rain,2.32,0
540,Souris,CA,2020-06-16 13:27:00,49.62,-100.26,60.8,59,75,5.82,broken clouds,0.0,0
541,Ramanuj Ganj,IN,2020-06-16 13:36:15,23.8,83.7,78.22,89,100,6.31,light rain,0.94,0
542,Svetlogorsk,BY,2020-06-16 13:36:15,52.63,29.73,80.2,64,0,9.31,clear sky,0.0,0
543,Zwedru,LR,2020-06-16 13:36:15,6.07,-8.13,87.96,61,88,1.14,overcast clouds,0.0,0
544,Mayo,US,2020-06-16 13:26:46,38.89,-76.51,66.99,59,20,10.29,few clouds,0.0,0
545,Tuatapere,NZ,2020-06-16 13:26:30,-46.13,167.68,52.03,83,100,6.22,overcast clouds,0.0,0
546,Soanierana Ivongo,MG,2020-06-16 13:36:15,-16.92,49.58,70.3,86,95,7.16,light rain,0.74,0
547,Isangel,VU,2020-06-16 13:27:25,-19.55,169.27,71.6,88,40,11.81,scattered clouds,0.0,0
548,Taos,US,2020-06-16 13:32:04,36.41,-105.57,55.4,54,1,3.36,clear sky,0.0,0
549,Ewa Beach,US,2020-06-16 13:36:16,21.32,-158.01,75.2,73,40,9.17,scattered clouds,0.0,0
550,Ahipara,NZ,2020-06-16 13:36:16,-35.17,173.17,56.34,89,50,8.77,scattered clouds,0.0,0
551,Qui Nhon,VN,2020-06-16 13:22:37,13.77,109.23,81.52,81,100,6.76,overcast clouds,0.0,0
552,Yei,SS,2020-06-16 13:36:16,4.09,30.68,77.81,82,72,1.39,moderate rain,1.25,0
553,Sosua,DO,2020-06-16 13:36:16,19.77,-70.52,87.8,66,40,9.46,scattered clouds,0.0,0
554,Kirakira,SB,2020-06-16 13:26:31,-10.45,161.92,79.25,84,100,10.94,overcast clouds,0.0,0
555,Ueno,JP,2020-06-16 13:36:16,34.75,136.13,73.0,32,0,1.01,clear sky,0.0,0
556,Fort Nelson,CA,2020-06-16 13:26:27,58.81,-122.7,48.2,93,90,5.82,light rain,0.0,0
557,Asfi,MA,2020-06-16 13:36:17,32.3,-9.24,73.99,64,90,22.08,overcast clouds,0.0,0
558,Svetlaya,RU,2020-06-16 13:36:17,46.54,138.33,48.06,88,99,7.72,overcast clouds,0.0,0
559,Pachino,IT,2020-06-16 13:36:17,36.72,15.09,77.0,72,0,1.99,clear sky,0.0,0
560,Kargopol,RU,2020-06-16 13:36:17,61.51,38.95,78.01,40,1,10.71,clear sky,0.0,0
561,Saint-Pierre,RE,2020-06-16 13:27:20,-21.34,55.48,71.6,60,0,18.34,clear sky,0.0,0
562,Jalu,LY,2020-06-16 13:26:56,29.03,21.55,95.83,21,0,20.49,clear sky,0.0,0
563,Sungurlu,TR,2020-06-16 13:36:18,40.17,34.37,77.99,39,80,4.65,broken clouds,0.0,0
564,Lenger,KZ,2020-06-16 13:35:44,42.18,69.88,82.4,21,0,11.18,clear sky,0.0,0
565,Shelburne,CA,2020-06-16 13:26:52,44.08,-80.2,66.2,48,1,5.03,clear sky,0.0,0
566,Bagula,IN,2020-06-16 13:36:18,23.32,88.65,85.1,74,100,9.28,overcast clouds,0.0,0
567,Hualmay,PE,2020-06-16 13:36:18,-11.1,-77.61,65.62,72,27,6.71,scattered clouds,0.0,0
568,Salme,NP,2020-06-16 13:36:18,28.04,85.09,75.2,88,75,6.93,broken clouds,0.0,0
569,Carauari,BR,2020-06-16 13:36:18,-4.88,-66.9,84.54,65,0,2.59,clear sky,0.0,0
570,Arlit,NE,2020-06-16 13:26:38,18.74,7.39,113.25,5,0,9.57,clear sky,0.0,0
571,Galiakot,IN,2020-06-16 13:36:19,23.52,74.0,95.65,41,100,16.04,overcast clouds,0.0,0
572,Ondjiva,AO,2020-06-16 13:36:19,-17.07,15.73,77.0,27,0,9.17,clear sky,0.0,0
573,Straumen,NO,2020-06-16 13:36:19,63.87,11.3,77.0,57,0,4.7,clear sky,0.0,0
574,Arnissa,GR,2020-06-16 13:36:19,40.8,21.83,84.99,22,61,9.17,light rain,0.18,0
